raw_combine_for_keyword,clean_combine_for_keyword,keyword_codes,keyword_list
"SPROCKET,CHAIN,49 T ,1/2 ""(ZN) SPROCKET,CHAIN, SHORT NAME  : SPROCKET,CHAIN, NO. OF STRANDS  : 1, NO. OF TEETH  : 49, FOR CHAIN NO.  : ?, PITCH  : 1/2 "", MATERIAL  : CARBON STEEL, APPLICATION  : SILENT CHAIN STOKER PB 8, REMARK  : SPROCKET DRIVEN MAT. MEDIUM CARBON STEEL TOOTH HARD SURFACE NO. OF TEETH 49, PITCH 0.500"" AS PER DWG.NO. 106 309 B 001 FOR SILENT CHAIN STOKER PB 8 PC","sprocket , chain , 49 t , 1/2 inch(zn) sprocket , chain , short name sprocket , chain , of strands 1 , of teeth 49 , for chain , pitch 1/2 inch , material carbon steel , application silent chain stoker pb 8 , remark sprocket driven mat. medium carbon steel tooth hard surface of teeth 49 , pitch 0.500 as per dwg.no. 106 309 b 001 for silent chain stoker pb 8 pc",['B-001'],"['0.500', '001', '1', '1/2', '106', '309', '49', '8', 'B-001', 'as', 'b', 'carbon', 'chain', 'driven', 'dwg.no.', 'for', 'hard', 'inch', 'inch(zn)', 'mat.', 'material', 'medium', 'of', 'pb', 'pc', 'per', 'pitch', 'silent', 'sprocket', 'steel', 'stoker', 'strands', 'surface', 't', 'teeth', 'tooth']"
"FLOWMETER,300L/MIN,TLFH-4CA,KYTOLA FLOWMETER, SHORT NAME  : FLOWMETER, FLOW RANGE  : 300L/MIN, MFR MODEL NO.  : TLFH-4CA, MFR NAME  : KYTOLA, REMARK  : FLOWMETER,300L/MIN,TLFH-4CA,KYTOLA PC","flowmeter , 300l/min , tlfh-4ca , kytola flowmeter , short name flowmeter , flow range 300l/min , mfr model tlfh-4ca , mfr name kytola , remark flowmeter , 300l/min , tlfh-4ca , kytola pc","['300L/MIN', 'TLFH-4CA']","['300L/MIN', '300l/min', 'TLFH-4CA', 'flow', 'flowmeter', 'kytola', 'pc', 'tlfh-4ca']"
"ACID PHOSPHORIC COMERCIAL GRADE ACID PHOSPHORIC COMERCIAL GRADE, MACHINE CODE  : WASHER,E70340M-K059521,E70540M-L014006,E70540M-L014001                 E70540M-L014005,E70540M-L014003,E70540M-L014004,E70540M-L014008,E70340M-K059249,E70340M-K059088,E70340M-K059001                 E70540M-L014007, EQUIPMENT TYPE  : FIBER LINE FOR BROWN STOCK WASHER, MFR NAME  : DORR-OLIVER, MFR MODEL NO.  : MODEL 512, MFR PART NO.  : ?, REMARK  : ACID PHOSPHORIC COMERCIAL GRADE (กรดบัดกรี) 35 KGS. PC","acid phosphoric comercial grade acid phosphoric comercial grade , machine code washer , e70340m-k059521 , e70540m-l014006 , e70540m-l014001 e70540m-l014005 , e70540m-l014003 , e70540m-l014004 , e70540m-l014008 , e70340m-k059249 , e70340m-k059088 , e70340m-k059001 e70540m-l014007 , equipment type fiber line for brown stock washer , mfr name dorr-oliver , mfr model model 512 , mfr part , remark acid phosphoric comercial grade (กรดบัดกรี) 35 kg. pc","['E70340M', 'E70540M', 'K059001', 'K059088', 'K059249', 'K059521', 'L014001', 'L014003', 'L014004', 'L014005', 'L014006', 'L014007', 'L014008']","['(กรดบัดกรี)', '35', '512', 'E70340M', 'E70540M', 'K059001', 'K059088', 'K059249', 'K059521', 'L014001', 'L014003', 'L014004', 'L014005', 'L014006', 'L014007', 'L014008', 'acid', 'brown', 'comercial', 'dorr-oliver', 'e70340m-k059001', 'e70340m-k059088', 'e70340m-k059249', 'e70340m-k059521', 'e70540m-l014001', 'e70540m-l014003', 'e70540m-l014004', 'e70540m-l014005', 'e70540m-l014006', 'e70540m-l014007', 'e70540m-l014008', 'fiber', 'for', 'grade', 'kg.', 'line', 'pc', 'phosphoric', 'stock', 'washer']"
"BEARING,ACC,WITHDRAWAL SLEEVE,AH 24034 SHORT NAME  : BEARING,ACC, MFR NAME  : SKF, TYPE  : WITHDRAWAL SLEEVE, MFR PART NO.  : AH 24034, THREAD SIZE  : M 180 X 3, APPLICATION  : DEWATERING PRESS C-TMP#2,  REMARK : ADAPTER SLEEVE WITHDRAWAL AH-24034 ""SKF"" FOR DEWATERING PRESS C-TMP#2 PC","bearing , acc , withdrawal sleeve , ah 24034 short name bearing , acc , mfr name skf , type withdrawal sleeve , mfr part ah 24034 , thread size m 180 x 3 , application dewatering press c-tmp#2 , remark adapter sleeve withdrawal ah-24034 for dewatering press c-tmp#2 pc","['AH-24034', 'M-180']","['180', '24034', '3', 'AH-24034', 'M-180', 'acc', 'adapter', 'ah', 'ah-24034', 'bearing', 'c-tmp#2', 'dewatering', 'for', 'm', 'pc', 'press', 'skf', 'sleeve', 'thread', 'withdrawal', 'x']"
"BEARING,ACC,WITHDRAWAL SLEEVE,AH 24028 BEARING,ACC, MFR NAME  : SKF, TYPE  : WITHDRAWAL SLEEVE, MFR PART NO.  : AH 24028, APPLICATION  : WASHER PRESS NO.1,2, REMARK  : ADAPTER SLEEVE WITHDRAWAL AH 24028 SUPP: SKF PC","bearing , acc , withdrawal sleeve , ah 24028 bearing , acc , mfr name skf , type withdrawal sleeve , mfr part ah 24028 , application washer press no.1 , 2 , remark adapter sleeve withdrawal ah 24028 supp skf pc",['AH-24028'],"['2', '24028', 'AH-24028', 'acc', 'adapter', 'ah', 'bearing', 'no.1', 'pc', 'press', 'skf', 'sleeve', 'supp', 'washer', 'withdrawal']"
"MP,AGITATOR,4,TK 3643/1990 MP, SHORT NAME  : MP, MFR PART NAME  : AGITATOR, MFR PART NO.  : 4, MFR NAME  : TK 3643/1990, APPLICATION  : BLOW UNIT TYPE UNIT 2, REMARK  : AGITATOR PART NO.4 USE FOR BLOW UNIT TYPE  UNIT 2 ,SERIAL NO.TK 3643/1990 VOLUME = 0.175 CU.M ,PRESS = 25 BAR  ,TEMP = 200 เสนอแนะ KVAERNER PULPING หรือที่อื่นๆ (AS PER DRAWING ATTACHED) **NON-MOVED INSURANCE ITEM คุณราเมศ อ. 11.08.06** PC","mp , agitator , 4 , tk 3643/1990 mp , short name mp , mfr part name agitator , mfr part 4 , mfr name tk 3643/1990 , application blow unit type unit 2 , remark agitator part no.4 use for blow unit type unit 2 , serial no.tk 3643/1990 volume = 0.175 cu.m , press = 25 bar , temp = 200 เสนอแนะ kvaerner pulping หรือที่อื่นๆ (as per drawing attached) non-moved insurance item คุณราเมศ อ. 11.08.06 pc",['TK-3643'],"['(as', '0.175', '11.08.06', '2', '200', '25', '3643/1990', '4', '=', 'TK-3643', 'agitator', 'attached)', 'bar', 'blow', 'cu.m', 'for', 'insurance', 'kvaerner', 'mp', 'no.4', 'no.tk', 'non-moved', 'pc', 'per', 'press', 'pulping', 'temp', 'tk', 'use', 'volume', 'คุณราเมศ', 'หรือที่อื่นๆ', 'อ.', 'เสนอแนะ']"
"VP,AIR REGULATOR,305,KOSO VP, MFR PART NAME  : AIR REGULATOR, MFR PART NO.  : 305, MFR NAME  : KOSO, SIZE  : 1/4 "", APPLICATION  : AUXILIARIES FOR PARTIAL BALL VALVE, REMARK  : AIR REGULATOR PRESSURE 0-10 KG/CM2 CONNECTION END 1/4"" PT. FOR AUXILIARIES FOR PARTIAL BALL VALVE (FLOWMAX VALVE) KOSO MOD. CVV-711-22-DS-S-04SR-OVSO2HSO49 ST","vp , air regulator , 305 , koso vp , mfr part name air regulator , mfr part 305 , mfr name koso , size 1/4 inch , application auxiliaries for partial ball valve , remark air regulator pressure 0-10 kg/cm2 connection end 1/4 pt. for auxiliaries for partial ball valve (flowmax valve) koso mod. cvv-711-22-ds-s-04sr-ovso2hso49 st","['22-DS-S-04SR-OVSO2HSO49', 'CVV-711', 'KG/CM2']","['(flowmax', '0-10', '1/4', '22-DS-S-04SR-OVSO2HSO49', '305', 'CVV-711', 'KG/CM2', 'air', 'auxiliaries', 'ball', 'connection', 'cvv-711-22-ds-s-04sr-ovso2hso49', 'end', 'for', 'inch', 'kg/cm2', 'koso', 'mod.', 'partial', 'pt.', 'regulator', 'st', 'valve', 'valve)', 'vp']"
"ANVIL ITEM 3.2,F/TYPE DPF250/800(5) ANVIL ITEM 3.2,F/TYPE DPF250/800, MACHINE CODE  : DRUM CHIPPER,BARK CHIPPER, EQUIPMENT TYPE  : ANVIL, MFR NAME  : DEMUTH, MFR MODEL NO.  : DPF 250/800/5RT-R, MFR PART NO.  : 3.2, REMARK  : ANVIL ITEM 3.2  FOR DRUM CHIPPER USE FOR S/P ของเครื่องสับไม้ DRUM CHIPPER เป็นตัว รองหลังเขียง รับโอนมาจาก 54060308104561 SUPP: DEMUTH MAQUINAS INDUSRIAIS LTDA. PC","anvil item 3.2 , f/type dpf250/800(5) anvil item 3.2 , f/type dpf250/800 , machine code drum chipper , bark chipper , equipment type anvil , mfr name demuth , mfr model dpf 250/800/5rt-r , mfr part 3.2 , remark anvil item 3.2 for drum chipper use for s/p ของเครื่องสับไม้ drum chipper เป็นตัว รองหลังเขียง รับโอนมาจาก 54060308104561 supp demuth maquinas indusriais ltda. pc","['800/5RT-R', 'DPF-250', 'DPF250']","['250/800/5rt-r', '3.2', '54060308104561', '800/5RT-R', 'DPF-250', 'DPF250', 'anvil', 'bark', 'chipper', 'demuth', 'dpf', 'dpf250/800', 'dpf250/800(5)', 'drum', 'f/type', 'for', 'indusriais', 'ltda.', 'maquinas', 'pc', 's/p', 'supp', 'use', 'ของเครื่องสับไม้', 'รองหลังเขียง', 'รับโอนมาจาก', 'เป็นตัว']"
"ARM BEATING POS.2020,TYPE CI85-45S ARM BEATING POS.2020,TYPE CI85-45S, SHORT NAME  : ARM BEATING POS.2020,TYPE CI85-45S, MACHINE CODE  : CRUSHER,QUICK LIME CRUSHER, EQUIPMENT TYPE  : CRUSHER, MFR NAME  : VOEST ALPINE, MFR MODEL NO.  : CI85-45S, MFR PART NO.  : 2020, MFR DRAWING NO.  : M560475D1, REMARK  : ARMS BEATING POS.2020 KEY NO.56 1131 49 , DWG.NO.M560475D/1   USE FOR QUICK LIME CRUSHER TYPE CI85-45S SER.NO.9011302 FOR. PLANT RECOVERY BOILER FOR QUICK LIM CRUSHER เสนอแนะ IMPCO-VOEST-ALPINE , LENZING TECHNIK GMBH หรือที่อื่นๆ PC","arm beating pos.2020 , type ci85-45s arm beating pos.2020 , type ci85-45s , short name arm beating pos.2020 , type ci85-45s , machine code crusher , quick lime crusher , equipment type crusher , mfr name voest alpine , mfr model ci85-45s , mfr part 2020 , mfr drawing m560475d1 , remark arms beating pos.2020 key no.56 1131 49 , dwg.no.m560475d/1 use for quick lime crusher type ci85-45s ser.no.9011302 for. plant recovery boiler for quick lim crusher เสนอแนะ impco-voest-alpine , lenzing technik gmbh หรือที่อื่นๆ pc","['CI85', 'M560475D', 'M560475D1']","['1131', '2020', '49', 'CI85', 'M560475D', 'M560475D1', 'alpine', 'arm', 'arms', 'beating', 'boiler', 'ci85-45s', 'crusher', 'dwg.no.m560475d/1', 'for', 'for.', 'gmbh', 'impco-voest-alpine', 'key', 'lenzing', 'lim', 'lime', 'm560475d1', 'no.56', 'pc', 'plant', 'pos.2020', 'quick', 'recovery', 'ser.no.9011302', 'technik', 'use', 'voest', 'หรือที่อื่นๆ', 'เสนอแนะ']"
"BED KNIFE,S/P""DEMUTH"" BED KNIFE,S/P""DEMUTH"", MACHINE CODE  : DEMUTH DISC CHIPPER, EQUIPMENT TYPE  : BED KNIFE, MFR NAME  : DEMUTH MAGUINAS, MFR MODEL NO.  : MODEL DPDI 1300, MFR PART NO.  : POS.01, SHOP DRAWING NO.  : OFFER NO:18.511/08 REV.1, REMARK  : BED KNIFE S/P USE FOR ""DEMUTH"" DISC CHIPPER (MODEL DPDI 1300) ** งานสั่งทำ AS PER DWG. RM-CP510DISC-09 ** SUPP: SNT , KTC 1 , PV THAILAND , บ้านโป่ง ส.การช่าง , สุขีการช่าง PC","bed knife , s/p bed knife , s/p , machine code demuth disc chipper , equipment type bed knife , mfr name demuth maguinas , mfr model model dpdi 1300 , mfr part pos.01 , shop drawing offer no 18.511/08 rev.1 , remark bed knife s/p use for disc chipper (model dpdi 1300) งานสั่งทำ as per dwg. rm-cp510disc-09 supp snt , ktc 1 , pv thailand , บ้านโป่ง ส.การช่าง , สุขีการช่าง pc","['DPDI-1300', 'NO-18', 'RM-CP510DISC-09']","['(model', '1', '1300', '1300)', '18.511/08', 'DPDI-1300', 'NO-18', 'RM-CP510DISC-09', 'as', 'bed', 'chipper', 'demuth', 'disc', 'dpdi', 'for', 'knife', 'ktc', 'maguinas', 'no', 'pc', 'per', 'pos.01', 'pv', 'rev.1', 'rm-cp510disc-09', 's/p', 'snt', 'supp', 'thailand', 'use', 'งานสั่งทำ', 'บ้านโป่ง', 'ส.การช่าง', 'สุขีการช่าง']"
"WEARING CONE F/ ROTOR,S/P""DEMUTH"" WEARING CONE F/ ROTOR,S/P""DEMUTH"", MACHINE CODE  : DEMUTH DISC CHIPPER, EQUIPMENT TYPE  : WEARING CONE F/ ROTOR, MFR NAME  : DEMUTH MAQUINAS IND., MFR MODEL NO.  : MODEL DPDI 1300, MFR PART NO.  : POS.02, SHOP DRAWING NO.  : OFFER NO:18.511/08 REV.1, REMARK  : WEARING CONE FOR ROTOR S/P USE DEMUTH DISC CHIPPER MODEL DPDI 1300 ** งานสั่งทำ AS PER DWG. RM-CP510DISC-10 ** หมายเหตุ น้ำหนักของชิ้นงาน แต่ละตัวต้องเท่ากันทั้งหมดในแต่ละชุด SUPP: PV THAILAND , KTC 1 , บ้านโป่ง ส.การช่าง , สุขีการช่าง PC","wearing cone f/ rotor , s/p wearing cone f/ rotor , s/p , machine code demuth disc chipper , equipment type wearing cone f/ rotor , mfr name demuth maquinas ind. , mfr model model dpdi 1300 , mfr part pos.02 , shop drawing offer no 18.511/08 rev.1 , remark wearing cone for rotor s/p use demuth disc chipper model dpdi 1300 งานสั่งทำ as per dwg. rm-cp510disc-10 หมายเหตุ น้ำหนักของชิ้นงาน แต่ละตัวต้องเท่ากันทั้งหมดในแต่ละชุด supp pv thailand , ktc 1 , บ้านโป่ง ส.การช่าง , สุขีการช่าง pc","['DPDI-1300', 'NO-18', 'RM-CP510DISC-10']","['1', '1300', '18.511/08', 'DPDI-1300', 'NO-18', 'RM-CP510DISC-10', 'as', 'chipper', 'cone', 'demuth', 'disc', 'dpdi', 'f/', 'for', 'ind.', 'ktc', 'maquinas', 'no', 'pc', 'per', 'pos.02', 'pv', 'rev.1', 'rm-cp510disc-10', 'rotor', 's/p', 'supp', 'thailand', 'use', 'wearing', 'งานสั่งทำ', 'น้ำหนักของชิ้นงาน', 'บ้านโป่ง', 'ส.การช่าง', 'สุขีการช่าง', 'หมายเหตุ', 'แต่ละตัวต้องเท่ากันทั้งหมดในแต่ละชุด']"
"WEARING KNIFE SUPPORT,S/P ""DEMUTH"" WEARING KNIFE SUPPORT,S/P ""DEMUTH"", MACHINE CODE  : DEMUTH DISC CHIPPER, EQUIPMENT TYPE  : WEARING KNIFE SUPPORT, MFR NAME  : DEMUTH MAQUINAS IND., MFR MODEL NO.  : MODEL DPDI 1300, MFR PART NO.  : POS. 03, SHOP DRAWING NO.  : OFFER NO: 18.511/08 REV.1, REMARK  : WEARING KNIFE SUPPORT USE FOR DEMUTH DISC CHIPPER ** งานสั่งทำ AS PER DWG. RM-CP510DISC-03 ** SUPP: PV THAILAND , KTC 1 , สหมิตรเคริ่องกล PC","wearing knife support , s/p wearing knife support , s/p , machine code demuth disc chipper , equipment type wearing knife support , mfr name demuth maquinas ind. , mfr model model dpdi 1300 , mfr part pos. 03 , shop drawing offer no 18.511/08 rev.1 , remark wearing knife support use for demuth disc chipper งานสั่งทำ as per dwg. rm-cp510disc-03 supp pv thailand , ktc 1 , สหมิตรเคริ่องกล pc","['DPDI-1300', 'NO-18', 'RM-CP510DISC-03']","['03', '1', '1300', '18.511/08', 'DPDI-1300', 'NO-18', 'RM-CP510DISC-03', 'as', 'chipper', 'demuth', 'disc', 'dpdi', 'for', 'ind.', 'knife', 'ktc', 'maquinas', 'no', 'pc', 'per', 'pos.', 'pv', 'rev.1', 'rm-cp510disc-03', 's/p', 'supp', 'support', 'thailand', 'use', 'wearing', 'งานสั่งทำ', 'สหมิตรเคริ่องกล']"
"WEARING PLATE S/P ""DEMUTH"" WEARING PLATE S/P ""DEMUTH"", MACHINE CODE  : DEMUTH DISC CHIPPER, EQUIPMENT TYPE  : WEARING PLATE, MFR NAME  : DEMUTH MAQUINAS IND., MFR MODEL NO.  : MODEL DPDI 1300, MFR PART NO.  : POS. 07, SHOP DRAWING NO.  : OFFER NO. 18.511/08 REV.1, REMARK  : WEARING PLATE USE FOR DEMUTH DISC CHIPPER SUPP: DEMUTH MAQUINAS IND. PC","wearing plate s/p wearing plate s/p , machine code demuth disc chipper , equipment type wearing plate , mfr name demuth maquinas ind. , mfr model model dpdi 1300 , mfr part pos. 07 , shop drawing offer 18.511/08 rev.1 , remark wearing plate use for demuth disc chipper supp demuth maquinas ind. pc",['DPDI-1300'],"['07', '1300', '18.511/08', 'DPDI-1300', 'chipper', 'demuth', 'disc', 'dpdi', 'for', 'ind.', 'maquinas', 'pc', 'plate', 'pos.', 'rev.1', 's/p', 'supp', 'use', 'wearing']"
"KNIFE SUPPORT , S/P""DEMUTH"" KNIFE SUPPORT , S/P""DEMUTH"", MACHINE CODE  : DEMUTH DISC CHIPPER, EQUIPMENT TYPE  : KNIFE SUPPORT, MFR NAME  : DEMUTH MAQUINAS IND., MFR MODEL NO.  : MODEL DPDI 1300, MFR PART NO.  : POS. 04, SHOP DRAWING NO.  : OFFER NO.18.511/08 REV.1, REMARK  : KNIFE SUPPORT S/P USE FOR DEMUTH DISC CHIPPER ** งานสั่งทำ ** AS PER DWG. RM-CP510DISC-05 SUPP: บ้านโป่ง ส.การช่าง , สุขีการช่าง , PV.THAILAND , KTC 1 PC","knife support , s/p knife support , s/p , machine code demuth disc chipper , equipment type knife support , mfr name demuth maquinas ind. , mfr model model dpdi 1300 , mfr part pos. 04 , shop drawing offer no.18.511/08 rev.1 , remark knife support s/p use for demuth disc chipper งานสั่งทำ as per dwg. rm-cp510disc-05 supp บ้านโป่ง ส.การช่าง , สุขีการช่าง , pv.thailand , ktc 1 pc","['DPDI-1300', 'RM-CP510DISC-05']","['04', '1', '1300', 'DPDI-1300', 'RM-CP510DISC-05', 'as', 'chipper', 'demuth', 'disc', 'dpdi', 'for', 'ind.', 'knife', 'ktc', 'maquinas', 'no.18.511/08', 'pc', 'per', 'pos.', 'pv.thailand', 'rev.1', 'rm-cp510disc-05', 's/p', 'supp', 'support', 'use', 'งานสั่งทำ', 'บ้านโป่ง', 'ส.การช่าง', 'สุขีการช่าง']"
"PLATE""L"" TYPE F/ROTOR,S/P ""DEMUTH"" PLATE""L"" TYPE F/ROTOR,S/P ""DEMUTH"", MACHINE CODE  : DEMUTH DISC CHIPPER, EQUIPMENT TYPE  : PLATE""L"" TYPE F/ROTOR, MFR NAME  : DEMUTH MAQUINAS, MFR MODEL NO.  : MODEL: DPDI 1300, MFR PART NO.  : POS. 06, SHOP DRAWING NO.  : OFFER NO: 18.511/08 REV.1, REMARK  : PLATE""L"" TYPE FOR ROTOR ** งานสั่งทำ  AS PER DWG. RM-CP510DISC-08 USE FOR S/P DEMUTH DISC CHIPPER USPP: PV THAILAND , KTC 1 , บ้านโป่ง ส.การช่าง , สุขขีการช่าง PC","plate type f/rotor , s/p plate type f/rotor , s/p , machine code demuth disc chipper , equipment type plate type f/rotor , mfr name demuth maquinas , mfr model model dpdi 1300 , mfr part pos. 06 , shop drawing offer no 18.511/08 rev.1 , remark plate type for rotor งานสั่งทำ as per dwg. rm-cp510disc-08 use for s/p demuth disc chipper uspp pv thailand , ktc 1 , บ้านโป่ง ส.การช่าง , สุขขีการช่าง pc","['DPDI-1300', 'NO-18', 'RM-CP510DISC-08']","['06', '1', '1300', '18.511/08', 'DPDI-1300', 'NO-18', 'RM-CP510DISC-08', 'as', 'chipper', 'demuth', 'disc', 'dpdi', 'f/rotor', 'for', 'ktc', 'maquinas', 'no', 'pc', 'per', 'plate', 'pos.', 'pv', 'rev.1', 'rm-cp510disc-08', 'rotor', 's/p', 'thailand', 'use', 'uspp', 'งานสั่งทำ', 'บ้านโป่ง', 'ส.การช่าง', 'สุขขีการช่าง']"
"SUPERIOR SUPPORT,S/P""DEMUTH"" SUPERIOR SUPPORT,S/P""DEMUTH"", MACHINE CODE  : DEMUTH DISC CHIPPER, EQUIPMENT TYPE  : SUPERIOR SUPPORT, MFR NAME  : DEMUTH MAQUINAS, MFR MODEL NO.  : MODEL: DPDI 1300, MFR PART NO.  : POS. 05, SHOP DRAWING NO.  : OFFER NO: 18.511/08 REV.1, REMARK  : SUPERIOR SUPPORT USE FOR DEMUTH DISC CHIPPER ** งานสั่งทำ AS PER DWG. RM-510DISC-04 ** SUPP: PV THAILAND , SNT , KTC 1 , บ้านโป่ง ส.การช่าง ,สุขีการช่าง PC","superior support , s/p superior support , s/p , machine code demuth disc chipper , equipment type superior support , mfr name demuth maquinas , mfr model model dpdi 1300 , mfr part pos. 05 , shop drawing offer no 18.511/08 rev.1 , remark superior support use for demuth disc chipper งานสั่งทำ as per dwg. rm-510disc-04 supp pv thailand , snt , ktc 1 , บ้านโป่ง ส.การช่าง , สุขีการช่าง pc","['DPDI-1300', 'NO-18', 'RM-510DISC']","['05', '1', '1300', '18.511/08', 'DPDI-1300', 'NO-18', 'RM-510DISC', 'as', 'chipper', 'demuth', 'disc', 'dpdi', 'for', 'ktc', 'maquinas', 'no', 'pc', 'per', 'pos.', 'pv', 'rev.1', 'rm-510disc-04', 's/p', 'snt', 'superior', 'supp', 'support', 'thailand', 'use', 'งานสั่งทำ', 'บ้านโป่ง', 'ส.การช่าง', 'สุขีการช่าง']"
"SPOUT CHUTE S/P ""DEMUTH"" SPOUT CHUTE S/P ""DEMUTH"", MACHINE CODE  : DEMUTH DISC CHIPPER, EQUIPMENT TYPE  : SPOUT CHUTE, MFR NAME  : DEMUTH MAQUINAS IND., MFR MODEL NO.  : MODEL:DPDI 1300, MFR PART NO.  : POS. 08, SHOP DRAWING NO.  : OFFER NO. 18.511/08 REV.1, REMARK  : SPOUT CHUTE USE FOR DEMUTH DISC CHIPPER SUPP: DEMUTH MAQUINAS IND. PC","spout chute s/p spout chute s/p , machine code demuth disc chipper , equipment type spout chute , mfr name demuth maquinas ind. , mfr model model dpdi 1300 , mfr part pos. 08 , shop drawing offer 18.511/08 rev.1 , remark spout chute use for demuth disc chipper supp demuth maquinas ind. pc",['DPDI-1300'],"['08', '1300', '18.511/08', 'DPDI-1300', 'chipper', 'chute', 'demuth', 'disc', 'dpdi', 'for', 'ind.', 'maquinas', 'pc', 'pos.', 'rev.1', 's/p', 'spout', 'supp', 'use']"
"SCREW F/WEARING KNIFE S/P""DEMUTH"" SCREW F/WEARING KNIFE S/P""DEMUTH"", MACHINE CODE  : DEMUTH DISC CHIPPER, EQUIPMENT TYPE  : SCREW F/WEARING KNIFE, MFR NAME  : DEMUTH MAQUINAS IND., MFR MODEL NO.  : MODEL: DPDI 1300, MFR PART NO.  : POS. 09, SHOP DRAWING NO.  : OFFER NO: 18.511/08 REV.1, REMARK  : SCREW SOCKET M8 X L25 STEEL GRADE 10.9 ความสูงของหัว BOLT ต้องเท่ากับแบบ ** งานสั่งทำ ** AS PER DWG. RM-CP510DISC-07 USE FOR DEMUTH DISC CHIPPER SUPP: อิ้วเลี้ยน , บางกอกสลีกภัณฑ์ , ไทยพัฒนทรัพย์ PC","screw f/wearing knife s/p screw f/wearing knife s/p , machine code demuth disc chipper , equipment type screw f/wearing knife , mfr name demuth maquinas ind. , mfr model model dpdi 1300 , mfr part pos. 09 , shop drawing offer no 18.511/08 rev.1 , remark screw socket m8 x l25 steel grade 10.9 ความสูงของหัว bolt ต้องเท่ากับแบบ งานสั่งทำ as per dwg. rm-cp510disc-07 use for demuth disc chipper supp อิ้วเลี้ยน , บางกอกสลีกภัณฑ์ , ไทยพัฒนทรัพย์ pc","['DPDI-1300', 'NO-18', 'RM-CP510DISC-07']","['09', '10.9', '1300', '18.511/08', 'DPDI-1300', 'NO-18', 'RM-CP510DISC-07', 'as', 'bolt', 'chipper', 'demuth', 'disc', 'dpdi', 'f/wearing', 'for', 'grade', 'ind.', 'knife', 'l25', 'm8', 'maquinas', 'no', 'pc', 'per', 'pos.', 'rev.1', 'rm-cp510disc-07', 's/p', 'screw', 'socket', 'steel', 'supp', 'use', 'x', 'ความสูงของหัว', 'งานสั่งทำ', 'ต้องเท่ากับแบบ', 'บางกอกสลีกภัณฑ์', 'อิ้วเลี้ยน', 'ไทยพัฒนทรัพย์']"
"BALL VALVE 3/4"",P/N 102,FUJI,PE353-15 SHORT NAME  : VALVE,BALL, BODY MATERIAL  : SUS.304, SIZE  : 3/4"", PRESSURE  : ?, CONNECTION TYPE  : ?, MFR PART NO.  : 102, MFR DRAWING NO.  : 66J929, APPLICATION  : FUJI METERING PUMP TYPE PE 353-15,  REMARK : BALL VALVE PART 102 MAT:SUS.304 SIZE DIA.3/4"" FOR ""FUJI"" METERING PUMP TYPE PE 353-15 ITEM NO.EQUIPMENT 56209,IHI DWG.NO.66J929 MFG.NO.7020 AT BLEACHING STAGG PC","ball valve 3/4 inch , p/n 102 , fuji , pe353-15 short name valve , ball , body material sus.304 , size 3/4 inch , pressure , connection type , mfr part 102 , mfr drawing 66j929 , application fuji metering pump type pe 353-15 , remark ball valve part 102 mat sus.304 size dia. 3/4 fuji metering pump type pe 353-15 item no.equipment 56209 , ihi dwg.no.66j929 mfg.no.7020 at bleaching stagg pc","['N-102', 'PART-102', 'PE-353', 'PE353']","['102', '3/4', '353-15', '56209', '66j929', 'N-102', 'PART-102', 'PE-353', 'PE353', 'at', 'ball', 'bleaching', 'body', 'connection', 'dia.', 'dwg.no.66j929', 'fuji', 'ihi', 'inch', 'mat', 'material', 'metering', 'mfg.no.7020', 'no.equipment', 'p/n', 'pc', 'pe', 'pe353-15', 'pump', 'stagg', 'sus.304', 'valve']"
"BRG.BALL,CRM.1"",P/N.85321M,EIMCO,6B22S SHORT NAME  : BRG.BALL,CRM.1"",P/N.85321M,EIMCO,6B22S, MACHINE CODE  : CLASIFIER,RECAUSTIC, EQUIPMENT TYPE  : BRG.BALL, MFR NAME  : EIMCO, MFR MODEL NO.  : SIZE 6B22S,TYPE CW, MFR PART NO.  : PIN.85321M,  REMARK : BEARING BALL,CRM.1"" PIN.85321M. USE FOR ""EIMCO"" DRIVE UNIT SIZE 6B22S,TYPE CW,RATATION ORDER NO.72220-08 DWG.NO.72220D107 AT LIME MUD AGITATOR. PC","brg.ball , crm.1 inch , p/n.85321m , eimco , 6b22s short name brg.ball , crm.1 inch , p/n.85321m , eimco , 6b22s , machine code clasifier , recaustic , equipment type brg.ball , mfr name eimco , mfr model size 6b22s , type cw , mfr part pin.85321m , remark bearing ball , crm.1 pin.85321m. use for eimco drive unit size 6b22s , type cw , ratation order no.72220-08 dwg.no.72220d107 at lime mud agitator. pc",[],"['6b22s', 'agitator.', 'at', 'ball', 'bearing', 'brg.ball', 'clasifier', 'crm.1', 'cw', 'drive', 'dwg.no.72220d107', 'eimco', 'for', 'inch', 'lime', 'mud', 'no.72220-08', 'order', 'p/n.85321m', 'pc', 'pin.85321m', 'pin.85321m.', 'ratation', 'recaustic', 'use']"
"GP,BRG.BALL,85321K,EIMCO GP, SHORT NAME  : GP, MFR PART NAME  : BRG.BALL, MFR PART NO.  : 85321K, MFR NAME  : EIMCO, APPLICATION  : EIMCO DRIVEUNITSIZEB22S, MFR DRAWING NO.  : 72220 D107, REMARK  : BALL BEARING 85321K CRM BLUE 15/16 F/GEAR DRIVE FOR ""EIMCO"" DRIVE UNIT SIZE B22S TYPE CW ROTATION DWG. 72220 D107 AT STORAGE TANK AGITATOR คุณพงษ์สันต์ ขอแก้ไข MIN,MAX 26/02/48 PC","gp , brg.ball , 85321k , eimco gp , short name gp , mfr part name brg.ball , mfr part 85321k , mfr name eimco , application eimco driveunitsizeb22s , mfr drawing 72220 d107 , remark ball bearing 85321k crm blue 15/16°F/gear drive for drive unit size b22s type cw rotation dwg. 72220 d107 at storage tank agitator คุณพงษ์สันต์ ขอแก้ไข min , max 26/02/48 pc","['B22S', 'BLUE-15', 'D107', 'MAx26']","['15/16°F/gear', '26/02/48', '72220', '85321k', 'B22S', 'BLUE-15', 'D107', 'MAx26', 'agitator', 'at', 'b22s', 'ball', 'bearing', 'blue', 'brg.ball', 'crm', 'cw', 'd107', 'drive', 'driveunitsizeb22s', 'eimco', 'for', 'gp', 'max', 'min', 'pc', 'rotation', 'storage', 'tank', 'ขอแก้ไข', 'คุณพงษ์สันต์']"
"VALVE,CHECK,1173-367,NICHIASยกเลิก VALVE,CHECK, SHORT NAME  : VALVE,CHECK, MFR PART NO.  : 1173-367, MFR NAME  : NICHIASยกเลิก, SIZE  : 50 A, PRESSURE  : 250 MMHG - 10 KG/CM2 G, TEMPERATURE RATING  : 0 TO 150 ''C, REMARK  : VALVE FLUOROGREEN LINED BALL CHECK VALVE MAT:PFA SIZE 50A 10K JIS , PRESSURE RANGE: -250 MMHG - 10 KG/CM2G TEMP. RANGE: 0-150 C, PAINT STANDARD FOR ใช้งาน LINE FRESH WATER F/CL2 MIXER เท่านั้น ยกเลิกให้ไปใช้กับ STOCK 74069201450750 ซึ่งเหมือนกัน สุรชัย จ. 03/06/52 ST","valve , check , 1173-367 , nichiasยกเลิก valve , check , short name valve , check , mfr part 1173-367 , mfr name nichiasยกเลิก , size 50 a , pressure 250 mmhg - 10 kg/cm2 g , temperature rating 0 to 150 ''c , remark valve fluorogreen lined ball check valve mat pfa size 50a 10k jis , pressure range -250 mmhg - 10 kg/cm2g temp. range 0-150°C , paint standard for ใช้งาน line fresh water f/cl2 mixer เท่านั้น ยกเลิกให้ไปใช้กับ stock 74069201450750 ซึ่งเหมือนกัน สุรชัย จ. 03/06/52 st","['KG/CM2', 'KG/CM2G', 'SIZE 50A', 'SIZE-50', 'TO-150']","[""''c"", '-', '-250', '0', '0-150°C', '03/06/52', '10', '10k', '1173-367', '150', '250', '50', '50a', '74069201450750', 'KG/CM2', 'KG/CM2G', 'SIZE 50A', 'SIZE-50', 'TO-150', 'a', 'ball', 'check', 'f/cl2', 'fluorogreen', 'for', 'fresh', 'g', 'jis', 'kg/cm2', 'kg/cm2g', 'line', 'lined', 'mat', 'mixer', 'mmhg', 'nichiasยกเลิก', 'paint', 'pfa', 'rating', 'st', 'standard', 'stock', 'temp.', 'temperature', 'to', 'valve', 'water', 'จ.', 'ซึ่งเหมือนกัน', 'ยกเลิกให้ไปใช้กับ', 'สุรชัย', 'เท่านั้น', 'ใช้งาน']"
"BALL VALVE(VEKTON) 3"",O.D.S.No.2 SHORT NAME  : VALVE,BALL, BODY MATERIAL  : ?, SIZE  : 3"", PRESSURE  : ?, CONNECTION TYPE  : ?, APPLICATION  : ODS PUMP,  REMARK : BALL VALVE SIZE 3"" MAT'L VEKTON FOR ODS PUMP SIZE 2"" (AS PER EXAMPLE ATTACHED) PC","ball valve(vekton) 3 inch , o.d.s.no.2 short name valve , ball , body material , size 3 inch , pressure , connection type , application ods pump , remark ball valve size 3 mat'l vekton for ods pump size 2 (as per example attached) pc",[],"['(as', '2', '3', 'attached)', 'ball', 'body', 'connection', 'example', 'for', 'inch', ""mat'l"", 'material', 'o.d.s.no.2', 'ods', 'pc', 'per', 'pump', 'valve', 'valve(vekton)', 'vekton']"
"IMPACT BAR,QUICK LIME CRUSHER,CI85-45S SHORT NAME  : IMPACT BAR,QUICK LIME CRUSHER,CI85-45S, MACHINE CODE  : CRUSHER,QUICK LIME CRUSHER, EQUIPMENT TYPE  : IMPACT BAR, MFR NAME  : VOEST ALPINE, MFR MODEL NO.  : CI85-45S, MFR PART NO.  : 2010, MFR DRAWING NO.  : M560474,  REMARK : BAR IMPACT POS.2010 KEY NO.56 0474 49 , DRAWING NO.M560474 D   USE FOR QUICK LIME CRUSHER TYPE CI85-45S SER.NO.9011302 FOR PLANT RECOVERY BOILER FOR QUICK LIM CRUSHER เสนอแนะ IMPCO-VOEST-ALPINE หรือที่อื่นๆ คุณประสงค์ ม. แจ้งปรับลด MAX/MIN เมื่อวันที่ 14 ตค.47 PC","impact bar , quick lime crusher , ci85-45s short name impact bar , quick lime crusher , ci85-45s , machine code crusher , quick lime crusher , equipment type impact bar , mfr name voest alpine , mfr model ci85-45s , mfr part 2010 , mfr drawing m560474 , remark bar impact pos.2010 key no.56 0474 49 , drawing no.m560474 d use for quick lime crusher type ci85-45s ser.no.9011302 for plant recovery boiler for quick lim crusher เสนอแนะ impco-voest-alpine หรือที่อื่นๆ คุณประสงค์ ม. แจ้งปรับลด max/min เมื่อวันที่ 14 ตค.47 pc","['CI85', 'M560474']","['0474', '14', '2010', '49', 'CI85', 'M560474', 'alpine', 'bar', 'boiler', 'ci85-45s', 'crusher', 'd', 'for', 'impact', 'impco-voest-alpine', 'key', 'lim', 'lime', 'm560474', 'max/min', 'no.56', 'no.m560474', 'pc', 'plant', 'pos.2010', 'quick', 'recovery', 'ser.no.9011302', 'use', 'voest', 'คุณประสงค์', 'ตค.47', 'ม.', 'หรือที่อื่นๆ', 'เมื่อวันที่', 'เสนอแนะ', 'แจ้งปรับลด']"
"BAND HOOP,SUS304,0.5X19MM,F/WASHING SCRN BAND HOOP,SUS304,0.5X19MM,F/WASHING SCRN, SHORT NAME  : BAND HOOP,SUS304,0.5X19MM,F/WASHING SCRN, MACHINE CODE  : WASHER,PULP MILL, EQUIPMENT TYPE  : BAND HOOP, MFR NAME  : DORR OLIVER INC, MFR MODEL NO.  : SIZE 8 FT.DIA.X 12 FT, MFR PART NO.  : JIS 4307 SUS.304 CSP,HV361-370, REMARK  : BAND STAINLESS STEEL HOOP JIS 4307 SUS.304 CSP,HV361-370 AS COLD ROLLED CONDITION, WORKING TEMP 95 C AND HIGH TENSILE STRENGHT SIZE 0.5 X 19 MM. IN COIL ( 20 KGS/ROLL ) MAKER: SPP.( จ่ายเงินตามน้ำหนักที่ส่งจริง) FOR WASHING SCREENING AND LIME MUD FILTER DRUM ROL","band hoop , sus304 , 0.5x19mm , f/washing scrn band hoop , sus304 , 0.5x19mm , f/washing scrn , short name band hoop , sus304 , 0.5x19mm , f/washing scrn , machine code washer , pulp mill , equipment type band hoop , mfr name dorr oliver inc , mfr model size 8 ft.dia.x 12 ft , mfr part jis 4307 sus.304 csp , hv361-370 , remark band stainless steel hoop jis 4307 sus.304 csp , hv361-370 as cold rolled condition , working temp 95°C and high tensile strenght size 0.5 x 19 mm. in coil ( 20 kg/roll ) maker spp.( จ่ายเงินตามน้ำหนักที่ส่งจริง) for washing screening and lime mud filter drum rol","['HV361', 'JIS-4307', 'SUS304', 'TEMP-95']","['(', ')', '0.5', '0.5x19mm', '12', '19', '20', '4307', '8', '95°C', 'HV361', 'JIS-4307', 'SUS304', 'TEMP-95', 'and', 'as', 'band', 'coil', 'cold', 'condition', 'csp', 'dorr', 'drum', 'f/washing', 'filter', 'for', 'ft', 'ft.dia.x', 'high', 'hoop', 'hv361-370', 'in', 'inc', 'jis', 'kg/roll', 'lime', 'mill', 'mm.', 'mud', 'oliver', 'pulp', 'rol', 'rolled', 'screening', 'scrn', 'spp.(', 'stainless', 'steel', 'strenght', 'sus.304', 'sus304', 'temp', 'tensile', 'washer', 'washing', 'working', 'x', 'จ่ายเงินตามน้ำหนักที่ส่งจริง)']"
"BAND HOOP,SUS304,0.5x12mm,F/WASHING DRUM SHORT NAME  : BAND HOOP,SUS304,0.5x12mm,F/WASHING DRUM, MACHINE CODE  : WASHER,PULP MILL, EQUIPMENT TYPE  : BAND HOOP, MFR NAME  : DORR OLIVER INC, MFR MODEL NO.  : SIZE 8 FT.DIA.X 12 FT, MFR PART NO.  : JIS 4307 SUS.304 CSP,HV361-370,  REMARK : BAND STAINLESS STEEL HOOP JIS 4307 SUS.304 CSP,HV361-370 AS COLD ROLLED CONDITION, WORKING TEMP 95 C AND HIGH TENSILE STRENGHT SIZE 0.5 X 12 MM. IN COIL ( 10 KGS/ROLL ) MAKER: SPP. FOR WASHING  DRUM ROL","band hoop , sus304 , 0.5x12mm , f/washing drum short name band hoop , sus304 , 0.5x12mm , f/washing drum , machine code washer , pulp mill , equipment type band hoop , mfr name dorr oliver inc , mfr model size 8 ft.dia.x 12 ft , mfr part jis 4307 sus.304 csp , hv361-370 , remark band stainless steel hoop jis 4307 sus.304 csp , hv361-370 as cold rolled condition , working temp 95°C and high tensile strenght size 0.5 x 12 mm. in coil ( 10 kg/roll ) maker spp. for washing drum rol","['HV361', 'JIS-4307', 'SUS304', 'TEMP-95']","['(', ')', '0.5', '0.5x12mm', '10', '12', '4307', '8', '95°C', 'HV361', 'JIS-4307', 'SUS304', 'TEMP-95', 'and', 'as', 'band', 'coil', 'cold', 'condition', 'csp', 'dorr', 'drum', 'f/washing', 'for', 'ft', 'ft.dia.x', 'high', 'hoop', 'hv361-370', 'in', 'inc', 'jis', 'kg/roll', 'mill', 'mm.', 'oliver', 'pulp', 'rol', 'rolled', 'spp.', 'stainless', 'steel', 'strenght', 'sus.304', 'sus304', 'temp', 'tensile', 'washer', 'washing', 'working', 'x']"
"HOOP 0.5x19mm,SUS316,F/WASHING SCREENING SHORT NAME  : HOOP 0.5x19mm,SUS316,F/WASHING SCREENING, MACHINE CODE  : WASHER,PULP MILL, EQUIPMENT TYPE  : WASHER, MFR NAME  : DORR OLIVER INC, MFR MODEL NO.  : SIZE 8 FT.DIA.X 12 FT, MFR PART NO.  : JIS 4307 SUS.316,  REMARK : STAINLESS STEEL HOOP JIS 4307 SUS.316 AS COLD ROLLED CONDITION, WORKING TEMP. 95C FOR WASHING SCREENING AND LIME MUD FILTER DRUM AND HIGH TENSILE STRENGHT SIZE 0.5 X 19 MM. IN COIL (50 KGS/ROLL) ROL","hoop 0.5x19mm , sus316 , f/washing screening short name hoop 0.5x19mm , sus316 , f/washing screening , machine code washer , pulp mill , equipment type washer , mfr name dorr oliver inc , mfr model size 8 ft.dia.x 12 ft , mfr part jis 4307 sus.316 , remark stainless steel hoop jis 4307 sus.316 as cold rolled condition , working temp. 95°C for washing screening and lime mud filter drum and high tensile strenght size 0.5 x 19 mm. in coil (50 kg/roll) rol","['JIS-4307', 'SUS316']","['(50', '0.5', '0.5x19mm', '12', '19', '4307', '8', '95°C', 'JIS-4307', 'SUS316', 'and', 'as', 'coil', 'cold', 'condition', 'dorr', 'drum', 'f/washing', 'filter', 'for', 'ft', 'ft.dia.x', 'high', 'hoop', 'in', 'inc', 'jis', 'kg/roll)', 'lime', 'mill', 'mm.', 'mud', 'oliver', 'pulp', 'rol', 'rolled', 'screening', 'stainless', 'steel', 'strenght', 'sus.316', 'sus316', 'temp.', 'tensile', 'washer', 'washing', 'working', 'x']"
"SEAL,SEAL BAND,28 X 7610 MM. SEAL, SHORT NAME  : SEAL, TYPE  : SEAL BAND, SIZE  : 28 X 7610 MM., MFR PART NO.  : NO.6125103-5 (IHI), APPLICATION  : ITEM NO 25103 CHLORINE WASHER, REMARK  : BAND SEAL 28 X 7610 MM. FOR ITEM NO 25103 CHLORINE WASHER REFER CHECK NO.6125103-5 (IHI) SUPP: SPP AEROTECH PC","seal , seal band , 28 x 7610 mm. seal , short name seal , type seal band , size 28 x 7610 mm. , mfr part no.6125103-5 (ihi) , application item no 25103 chlorine washer , remark band seal 28 x 7610 mm. for item no 25103 chlorine washer refer check no.6125103-5 (ihi) supp spp aerotech pc","['28x7610 MM', 'NO-25103', 'SEAL-28', 'SIZE-28']","['(ihi)', '25103', '28', '28x7610 MM', '7610', 'NO-25103', 'SEAL-28', 'SIZE-28', 'aerotech', 'band', 'check', 'chlorine', 'for', 'mm.', 'no', 'no.6125103-5', 'pc', 'refer', 'seal', 'spp', 'supp', 'washer', 'x']"
"BEARING,HOUSING,722516A SHORT NAME  : BEARING, MFR NAME  : SKF, TYPE  : HOUSING, MFR PART NO.  : 722516A, SHAFT DIAMETER  : 70MM, APPLICATION  : DRUM DISCHARGE CONVEYOR,  REMARK : BEARING FLANGE HOUSING NO. 722516 A FOR DRUM DISCHARGE CONVEYOR**non-moved Insurance Item คุณราเมศ อ. 11.08.06** PC","bearing , housing , 722516a short name bearing , mfr name skf , type housing , mfr part 722516a , shaft dia. 70mm , application drum discharge conveyor , remark bearing flange housing 722516 a for drum discharge conveyor non-moved insurance item คุณราเมศ อ. 11.08.06 pc",[],"['11.08.06', '70mm', '722516', '722516a', 'a', 'bearing', 'conveyor', 'dia.', 'discharge', 'drum', 'flange', 'for', 'housing', 'insurance', 'non-moved', 'pc', 'shaft', 'skf', 'คุณราเมศ', 'อ.']"
"BEARING,HOUSING,722518B/FNL 518 B BEARING, SHORT NAME  : BEARING, MFR NAME  : SKF, TYPE  : HOUSING, MFR PART NO.  : 722518B/FNL 518 B, SHAFT DIAMETER  : 80, APPLICATION  : DRUM DISCHARGE CONVEYOR, REMARK  : BEARING FLANGE HOUSING NO. 722518 B SKF แจ้ง **FNL 518 B REPLACEMENT OF  : 722518 B  ทดแทนได้ คุณประสงค์ ม. 13.02.15 PC","bearing , housing , 722518b/fnl 518 b bearing , short name bearing , mfr name skf , type housing , mfr part 722518b/fnl 518 b , shaft dia. 80 , application drum discharge conveyor , remark bearing flange housing 722518 b skf แจ้ง fnl 518 b replacement of 722518 b ทดแทนได้ คุณประสงค์ ม. 13.02.15 pc","['722518B/FNL', 'FNL-518', 'OF-722518']","['13.02.15', '518', '722518', '722518B/FNL', '722518b/fnl', '80', 'FNL-518', 'OF-722518', 'b', 'bearing', 'conveyor', 'dia.', 'discharge', 'drum', 'flange', 'fnl', 'housing', 'of', 'pc', 'replacement', 'shaft', 'skf', 'คุณประสงค์', 'ทดแทนได้', 'ม.', 'แจ้ง']"
